City_ID,City,Lat,Lng,Max Temp,Humidity,Cloudiness,Wind Speed,Country,Date
0,barrow,71.2906,-156.7887,35.62,75,40,23.02,US,1629123544
1,rikitea,-23.1203,-134.9692,74.26,75,0,11.32,PF,1629123009
2,fortuna,40.5982,-124.1573,62.42,69,90,1.01,US,1629123136
3,punta arenas,-53.15,-70.9167,41.11,100,0,9.22,CL,1629122996
4,komsomolskiy,40.4272,71.7189,81.32,21,0,6.91,UZ,1629123113
5,arua,3.0201,30.9111,81.12,47,21,4.5,UG,1629123545
6,cape town,-33.9258,18.4232,71.11,59,0,11.99,ZA,1629123526
7,albany,42.6001,-73.9662,71.8,73,88,2.3,US,1629123319
8,pitkyaranta,61.5734,31.4792,64.35,66,37,10.27,RU,1629123545
9,faanui,-16.4833,-151.75,78.93,69,7,12.64,PF,1629123412
10,hobart,-42.8794,147.3294,47.05,68,40,1.01,AU,1629123302
11,oum hadjer,13.2954,19.6966,91.18,47,58,3.49,TD,1629123545
12,mindelo,16.8901,-24.9804,85.55,62,40,14.97,CV,1629123546
13,vaini,-21.2,-175.2,68.16,83,20,6.91,TO,1629123546
14,qasigiannguit,68.8193,-51.1922,48.45,94,100,7.02,GL,1629123383
15,saskylakh,71.9167,114.0833,55.35,59,100,9.48,RU,1629123520
16,avarua,-21.2078,-159.775,68.05,77,75,6.91,CK,1629123009
17,yellowknife,62.456,-114.3525,54.12,76,75,12.66,CA,1629123546
18,salalah,17.0151,54.0924,80.69,83,75,11.5,OM,1629123148
19,katherine,-14.4667,132.2667,73.72,28,0,8.05,AU,1629123547
20,norman wells,65.282,-126.8329,49.91,87,95,2.68,CA,1629123020
21,tilichiki,60.4667,166.1,52.32,87,100,4.81,RU,1629123429
22,kapaa,22.0752,-159.319,79.12,78,20,11.5,US,1629123547
23,bluff,-46.6,168.3333,41.81,87,98,13.42,NZ,1629123384
24,lumut,4.2323,100.6298,77.36,94,40,4.61,MY,1629123548
25,aripuana,-9.1667,-60.6333,92.97,33,0,1.3,BR,1629123548
26,nemuro,43.3236,145.575,56.25,91,69,7.02,JP,1629123505
27,ixtapa,20.7,-105.2,79.23,88,75,8.05,MX,1629123281
28,jumla,29.2747,82.1838,62.02,95,52,1.77,NP,1629123548
29,airai,-8.9266,125.4092,57.04,87,30,4.38,TL,1629123392
30,belyy yar,53.6039,91.3903,62.49,72,0,4.47,RU,1629123549
31,hilo,19.7297,-155.09,70.79,73,75,8.05,US,1629123549
32,natal,-5.795,-35.2094,86.65,54,40,17.27,BR,1629123520
33,sistranda,63.7256,8.834,58.96,74,100,12.88,NO,1629123549
34,hithadhoo,-0.6,73.0833,83.12,73,99,11.48,MV,1629123521
35,port alfred,-33.5906,26.891,71.8,61,0,20.13,ZA,1629123378
36,gillette,44.2911,-105.5022,74.32,29,75,10.36,US,1629123550
37,ushuaia,-54.8,-68.3,40.66,93,90,0.0,AR,1629122995
38,mataura,-46.1927,168.8643,41.49,99,99,2.28,NZ,1629123397
39,port augusta,-32.5,137.7667,48.34,81,0,5.7,AU,1629123550
40,puerto ayora,-0.7393,-90.3518,68.56,93,77,8.01,EC,1629123050
41,port hardy,50.6996,-127.4199,55.27,89,100,8.97,CA,1629122998
42,plainfield,40.6168,-74.4173,78.96,71,1,3.44,US,1629123551
43,bredasdorp,-34.5322,20.0403,76.32,44,100,4.61,ZA,1629123515
44,hermanus,-34.4187,19.2345,71.8,67,100,4.97,ZA,1629122995
45,adrar,20.5022,-10.0711,104.34,17,73,6.02,MR,1629123551
46,castro,-24.7911,-50.0119,67.69,72,56,5.57,BR,1629123418
47,vardo,70.3705,31.1107,52.0,65,100,12.88,NO,1629123404
48,saint-philippe,-21.3585,55.7679,67.59,80,69,16.02,RE,1629123395
49,dikson,73.5069,80.5464,42.62,95,100,23.24,RU,1629123552
50,olinda,-8.0089,-34.8553,74.93,73,40,13.8,BR,1629123552
51,padang,-0.9492,100.3543,78.44,86,95,4.76,ID,1629123419
52,saint george,37.1041,-113.5841,81.54,44,1,0.0,US,1629123319
53,saint-leu,-21.15,55.2833,67.06,71,21,16.2,RE,1629123552
54,sao joao da barra,-21.6403,-41.0511,75.29,72,88,11.7,BR,1629123553
55,tuktoyaktuk,69.4541,-133.0374,48.2,100,90,9.22,CA,1629123378
56,cabo san lucas,22.8909,-109.9124,85.51,73,60,10.11,MX,1629123071
57,atherton,53.5237,-2.4935,66.06,71,100,10.0,GB,1629123553
58,pilar de la horadada,37.8659,-0.7926,92.43,77,75,4.0,ES,1629123553
59,san matias,-16.3667,-58.4,94.42,23,10,4.36,BO,1629123554
60,sabile,57.0458,22.5726,77.14,47,100,8.72,LV,1629123554
61,lebu,-37.6167,-73.65,53.02,88,16,12.15,CL,1629123554
62,shimanovsk,52.0,127.7,64.98,75,80,5.19,RU,1629123554
63,ancud,-41.8697,-73.8203,51.33,84,11,24.16,CL,1629123383
64,avera,33.194,-82.5271,80.71,89,100,6.33,US,1629123555
65,honiara,-9.4333,159.95,76.73,88,98,1.54,SB,1629123555
66,bathsheba,13.2167,-59.5167,88.41,66,40,24.16,BB,1629123473
67,makakilo city,21.3469,-158.0858,73.72,79,1,3.44,US,1629123468
68,longyearbyen,78.2186,15.6401,42.64,70,20,11.5,SJ,1629123043
69,aleksandrov gay,50.147,48.5704,93.72,11,100,9.71,RU,1629123556
70,paciran,-6.8767,112.3761,80.71,74,99,8.99,ID,1629123556
71,yulara,-25.2406,130.9889,57.04,19,7,6.91,AU,1629123401
72,batagay,67.6333,134.6333,49.41,86,100,3.51,RU,1629123078
73,san vicente,-26.6167,-54.1333,77.58,42,0,4.0,AR,1629123556
74,namatanai,-3.6667,152.4333,77.56,83,100,3.27,PG,1629123053
75,trinidad,-14.8333,-64.9,88.12,29,97,3.74,BO,1629123557
76,atuona,-9.8,-139.0333,77.43,81,22,16.35,PF,1629122996
77,itarantim,-15.6597,-40.0656,75.24,60,92,4.54,BR,1629123557
78,sambava,-14.2667,50.1667,74.03,68,20,18.54,MG,1629123508
79,stephenville,32.2207,-98.2023,77.95,81,40,4.61,US,1629123557
80,katobu,-4.9408,122.5276,75.25,89,71,5.82,ID,1629123558
81,asuncion,-25.3007,-57.6359,78.24,57,0,5.75,PY,1629123458
82,neuquen,-38.9516,-68.0591,57.09,47,0,3.44,AR,1629123558
83,alta floresta,-9.8756,-56.0861,89.42,48,0,3.44,BR,1629123558
84,lashio,22.9333,97.75,69.71,98,100,1.3,MM,1629123559
85,saint-augustin,51.226,-58.6502,69.01,39,54,8.32,CA,1629123559
86,upernavik,72.7868,-56.1549,42.19,96,100,1.48,GL,1629123427
87,dudinka,69.4058,86.1778,49.08,91,100,10.29,RU,1629123098
88,heinola,61.2056,26.0381,66.29,66,98,7.49,FI,1629123559
89,haines junction,60.7522,-137.5108,31.95,100,85,2.3,CA,1629123450
90,felanitx,39.4696,3.1483,89.96,46,0,19.39,ES,1629123560
91,la palma,33.8464,-118.0467,78.73,91,1,0.0,US,1629123360
92,kodiak,57.79,-152.4072,47.71,81,1,8.05,US,1629123104
93,margate,51.3813,1.3862,64.18,75,100,3.0,GB,1629123116
94,strezhevoy,60.7333,77.5889,62.58,68,77,6.78,RU,1629123560
95,wairoa,-39.0333,177.3667,55.6,66,5,1.99,NZ,1629123561
96,urusha,54.05,122.9,65.28,59,63,2.44,RU,1629123561
97,torbay,47.6666,-52.7314,75.27,80,75,12.66,CA,1629123391
98,mahebourg,-20.4081,57.7,70.09,64,75,10.36,MU,1629123466
99,mugur-aksy,50.35,90.5,52.12,85,100,3.44,RU,1629123561
100,busselton,-33.65,115.3333,57.09,81,1,9.66,AU,1629123561
101,zonguldak,41.25,31.8333,74.25,48,0,8.95,TR,1629123562
102,east london,-33.0153,27.9116,70.74,60,0,13.8,ZA,1629123562
103,jamestown,42.097,-79.2353,72.52,72,90,6.91,US,1629123287
104,lebyazhye,55.2689,66.4947,78.22,42,7,6.64,RU,1629123562
105,kloulklubed,7.0419,134.2556,83.73,68,32,4.54,PW,1629123563
106,sinnamary,5.3833,-52.95,83.73,67,52,3.02,GF,1629123438
107,oranjemund,-28.55,16.4333,62.98,50,99,22.53,NA,1629123042
108,ende,-8.8432,121.6623,76.24,84,13,0.54,ID,1629123563
109,matagami,49.7502,-77.6328,73.51,64,1,12.66,CA,1629123563
110,tarakan,3.3,117.6333,82.42,72,30,6.46,ID,1629123564
111,catuday,16.2923,119.8062,79.83,81,99,5.01,PH,1629123564
112,beisfjord,68.3751,17.5988,61.05,85,100,1.36,NO,1629123564
113,ilulissat,69.2167,-51.1,48.22,76,75,9.22,GL,1629123041
114,saldanha,-33.0117,17.9442,60.6,75,100,19.6,ZA,1629123396
115,san miguel,13.4833,-88.1833,82.06,86,0,0.0,SV,1629123565
116,leningradskiy,69.3833,178.4167,31.24,93,95,10.42,RU,1629123402
117,riyadh,24.6877,46.7219,107.74,9,11,12.68,SA,1629123463
118,puerto del rosario,28.5004,-13.8627,92.88,54,20,21.85,ES,1629123565
119,faya,18.3851,42.4509,84.72,40,100,4.94,SA,1629123399
120,tiksi,71.6872,128.8694,41.05,90,99,1.72,RU,1629122998
121,kupang,-10.1667,123.5833,78.53,76,10,13.53,ID,1629123416
122,thompson,55.7435,-97.8558,57.36,88,75,5.75,CA,1629123319
123,raciborz,50.0919,18.2193,85.32,57,100,13.06,PL,1629123565
124,victoria,22.2855,114.1577,84.33,83,5,1.01,HK,1629123425
125,ponta do sol,32.6667,-17.1,90.23,22,0,7.76,PT,1629123566
126,progreso,21.2833,-89.6667,84.11,76,34,7.2,MX,1629123566
127,ornskoldsvik,63.2909,18.7153,64.22,94,90,8.05,SE,1629123566
128,tefe,-3.3542,-64.7114,84.31,89,20,3.44,BR,1629123567
129,butaritari,3.0707,172.7902,83.84,74,44,14.36,KI,1629123398
130,sainte-rose,16.3324,-61.6979,87.84,70,75,13.8,GP,1629123567
131,takab,36.4009,47.1133,86.95,15,3,5.17,IR,1629123567
132,cairns,-16.9167,145.7667,69.06,84,40,6.91,AU,1629123523
133,mahibadhoo,3.7833,72.9667,82.85,73,100,13.51,MV,1629123568
134,hambantota,6.1241,81.1185,80.6,78,98,20.13,LK,1629123568
135,guerrero negro,27.9769,-114.0611,71.37,83,0,7.49,MX,1629123481
136,pinawa,50.1489,-95.8811,77.18,55,28,11.34,CA,1629123535
137,arraial do cabo,-22.9661,-42.0278,75.16,78,40,20.71,BR,1629123568
138,dunedin,-45.8742,170.5036,47.8,82,100,1.01,NZ,1629123228
139,lagoa,39.05,-27.9833,72.95,78,13,10.36,PT,1629123424
140,cherskiy,68.75,161.3,33.84,95,88,8.1,RU,1629123403
141,qaanaaq,77.484,-69.3632,38.57,99,100,5.01,GL,1629123569
142,severo-kurilsk,50.6789,156.125,54.28,92,58,12.5,RU,1629123569
143,gorgan,36.8387,54.4348,89.56,49,0,13.8,IR,1629123569
144,pecos,31.4229,-103.4932,75.31,78,1,0.0,US,1629123570
145,raudeberg,61.9875,5.1352,65.8,74,1,13.0,NO,1629123570
146,hobyo,5.3505,48.5268,79.57,72,100,31.03,SO,1629123130
147,tanout,14.9709,8.8879,92.14,38,100,12.17,NE,1629123570
148,khatanga,71.9667,102.5,56.68,85,85,9.1,RU,1629123571
149,vuktyl,63.8567,57.3094,65.1,78,83,8.88,RU,1629123571
150,bethel,41.3712,-73.414,75.92,68,1,4.61,US,1629123571
151,nouakchott,18.0858,-15.9785,85.93,74,8,17.85,MR,1629123572
152,shubarshi,48.5872,57.1869,93.78,11,7,2.68,KZ,1629123572
153,deputatskiy,69.3,139.9,37.98,85,41,3.13,RU,1629123572
154,meulaboh,4.1363,96.1285,78.4,86,100,7.05,ID,1629123051
155,baykit,61.67,96.37,57.45,98,100,3.09,RU,1629123573
156,nome,64.5011,-165.4064,44.67,77,90,17.27,US,1629123573
157,kavieng,-2.5744,150.7967,81.07,78,91,9.89,PG,1629122999
158,privas,44.5833,4.5,82.31,33,0,13.69,FR,1629123573
159,castle bruce,15.4333,-61.2667,84.88,89,75,14.97,DM,1629123574
160,nikolskoye,59.7035,30.7861,69.03,56,100,6.02,RU,1629123381
161,caucel,21.0167,-89.7167,84.06,78,40,0.0,MX,1629123574
162,colgong,25.2667,87.2167,84.67,79,97,6.29,IN,1629123574
163,provideniya,64.3833,-173.3,43.07,86,100,5.12,RU,1629123574
164,itaqui,-29.1253,-56.5531,67.93,58,0,7.29,BR,1629123575
165,valdivia,-39.8142,-73.2459,55.49,93,18,10.76,CL,1629123575
166,kamyshlov,56.8428,62.7111,78.39,49,75,2.28,RU,1629123575
167,mpongwe,-13.5091,28.155,82.33,21,0,6.69,ZM,1629123576
168,clyde river,70.4692,-68.5914,40.89,89,100,3.51,CA,1629123436
169,caborca,30.5838,-111.101,75.49,65,81,2.98,MX,1629123576
170,san jeronimo,-11.9472,-75.2829,51.87,66,98,1.99,PE,1629123576
171,awjilah,29.1081,21.2869,95.22,16,0,14.05,LY,1629123577
172,lavrentiya,65.5833,-171.0,38.26,89,93,4.79,RU,1629123461
173,thana,34.6369,72.0739,81.0,60,0,2.24,PK,1629123577
174,new norfolk,-42.7826,147.0587,46.71,68,97,5.99,AU,1629123044
175,hofn,64.2539,-15.2082,57.22,72,9,8.05,IS,1629123577
176,khandyga,62.6667,135.6,60.84,99,100,2.06,RU,1629123578
177,mar del plata,-38.0023,-57.5575,50.02,93,90,11.5,AR,1629123322
178,codrington,-38.2667,141.9667,50.85,84,81,13.29,AU,1629123074
179,abu samrah,35.3029,37.1841,93.4,24,0,20.6,SY,1629123578
180,lata,40.1629,-8.3327,95.04,23,0,12.35,PT,1629123578
181,hualmay,-11.0964,-77.6139,63.07,79,73,7.34,PE,1629123132
182,orange walk,17.8333,-88.8333,80.46,78,62,2.26,BZ,1629123579
183,gat,31.61,34.7642,90.79,40,0,14.94,IL,1629123439
184,puerto baquerizo moreno,-0.9,-89.6,70.79,83,75,11.5,EC,1629123579
185,vila,42.0304,-8.1588,75.7,30,0,8.25,PT,1629123579
186,santa cruz,-17.8,-63.1667,82.45,47,32,19.57,BO,1629123525
187,kaiyuan,23.6977,103.3037,66.85,94,96,4.52,CN,1629123580
188,idanre,7.1127,5.1159,76.5,87,95,5.82,NG,1629123580
189,nybro,56.7446,15.9071,65.21,76,100,9.86,SE,1629123580
190,cravo norte,6.3017,-70.2041,81.36,76,76,4.05,CO,1629123580
191,ribeira grande,38.5167,-28.7,77.4,83,40,9.22,PT,1629123060
192,wewak,-3.5534,143.6268,80.2,83,26,5.48,PG,1629123581
193,palana,59.1167,159.9667,50.7,94,81,19.51,RU,1629123581
194,port elizabeth,-33.918,25.5701,79.11,64,0,12.66,ZA,1629123421
195,bengkulu,-3.8004,102.2655,77.97,84,90,3.65,ID,1629122827
196,esperance,-33.8667,121.9,51.82,82,7,14.41,AU,1629123017
197,bambous virieux,-20.3428,57.7575,70.05,64,75,10.36,MU,1629123416
198,lompoc,34.6391,-120.4579,62.28,99,90,0.0,US,1629123481
199,rosario,-32.9468,-60.6393,66.6,63,0,4.0,AR,1629123309
200,prince rupert,54.3161,-130.3201,53.29,96,40,4.61,CA,1629123360
201,georgetown,5.4112,100.3354,76.93,97,40,3.44,MY,1629123582
202,carnarvon,-24.8667,113.6333,66.27,81,40,4.61,AU,1629123582
203,finote selam,10.7,37.2667,65.61,89,88,3.71,ET,1629123582
204,mandalgovi,45.7625,106.2708,73.15,36,56,14.85,MN,1629123583
205,bayanday,53.0661,105.5139,57.69,88,100,3.98,RU,1629123583
206,itarema,-2.9248,-39.9167,88.41,49,22,12.93,BR,1629123046
207,tessalit,20.1986,1.0114,104.2,16,85,5.06,ML,1629123583
208,san patricio,28.017,-97.5169,85.87,75,14,3.67,US,1629123584
209,carballo,43.213,-8.691,74.75,77,0,10.83,ES,1629123584
210,bacoor,14.4167,120.95,85.06,76,91,6.02,PH,1629123584
211,santiago del estero,-27.7951,-64.2615,69.8,28,5,12.1,AR,1629123584
212,aksu,41.1231,80.2644,70.88,32,41,12.59,CN,1629123585
213,teseney,15.11,36.6575,85.41,58,56,7.74,ER,1629123585
214,mancio lima,-7.6142,-72.8958,86.07,74,53,8.05,BR,1629123585
215,fairbanks,64.8378,-147.7164,52.09,95,90,9.22,US,1629123586
216,havre-saint-pierre,50.2334,-63.5986,63.97,61,75,8.7,CA,1629123118
217,blagoyevo,63.3667,47.9167,64.96,68,99,9.75,RU,1629123586
218,los llanos de aridane,28.6585,-17.9182,85.75,37,0,16.11,ES,1629123001
219,caracollo,-14.9165,-70.6603,49.28,31,76,0.87,PE,1629123586
220,colombo,6.9319,79.8478,78.98,86,98,8.61,LK,1629123326
221,kamenka,51.3223,42.7678,77.38,66,100,9.17,RU,1629123587
222,carauari,-4.8828,-66.8958,88.45,51,9,3.56,BR,1629123587
223,santa fe,-31.6333,-60.7,66.0,57,100,5.99,AR,1629123404
224,flinders,-34.5833,150.8552,56.21,65,3,12.37,AU,1629123587
225,leh,34.1667,77.5833,60.8,18,21,6.44,IN,1629123587
226,concarneau,47.875,-3.9225,72.05,56,6,15.39,FR,1629123588
227,narsaq,60.9167,-46.05,48.42,98,100,2.51,GL,1629123096
228,nanortalik,60.1432,-45.2371,47.68,98,100,11.61,GL,1629123410
229,pisco,-13.7,-76.2167,61.02,88,90,2.3,PE,1629123064
230,nuuk,64.1835,-51.7216,50.61,93,75,3.44,GL,1629123320
231,purificacion,3.8587,-74.9313,79.3,73,50,1.59,CO,1629123588
232,mezen,65.8522,44.24,53.64,95,96,7.65,RU,1629123588
233,biak,-0.9131,122.8766,75.79,83,39,6.24,ID,1629123589
234,pignon,19.3333,-72.1167,80.33,68,84,9.26,HT,1629123589
235,saint-francois,46.4154,3.9054,70.18,60,75,10.36,FR,1629123589
236,kaitangata,-46.2817,169.8464,42.19,94,100,3.91,NZ,1629123590
237,broome,42.2506,-75.833,72.18,74,1,1.01,US,1629123134
238,porto novo,6.4965,2.6036,84.02,62,97,12.77,BJ,1629123444
239,tupik,54.4253,119.9327,61.41,79,100,5.46,RU,1629123590
240,jalingo,8.8833,11.3667,82.02,77,100,4.45,NG,1629123590
241,coxim,-18.5067,-54.76,92.98,19,0,6.38,BR,1629123311
242,praia,14.9215,-23.5087,84.74,74,20,10.36,CV,1629123511
243,tiznit,29.5833,-9.5,107.08,9,27,7.92,MA,1629123591
244,grindavik,63.8424,-22.4338,56.55,94,90,10.36,IS,1629123151
245,rosa zarate,0.3333,-79.4667,73.54,88,100,2.35,EC,1629123372
246,ahipara,-35.1667,173.1667,53.33,87,4,11.43,NZ,1629123102
247,pevek,69.7008,170.3133,33.12,96,98,6.15,RU,1629123397
248,zhigansk,66.7697,123.3711,50.05,68,5,8.23,RU,1629123072
249,rovaniemi,66.5,25.7167,53.01,76,90,8.05,FI,1629123395
250,dailly,46.2,7.0333,83.37,79,98,5.77,CH,1629123591
251,constitucion,-35.3333,-72.4167,52.43,96,100,24.94,CL,1629123387
252,ostrovnoy,68.0531,39.5131,47.08,78,100,14.79,RU,1629123592
253,port lincoln,-34.7333,135.8667,54.36,74,100,7.02,AU,1629123159
254,san cristobal,7.7669,-72.225,78.98,75,96,5.23,VE,1629123056
255,qianan,44.9932,124.0581,66.54,81,77,4.92,CN,1629123592
256,cidreira,-30.1811,-50.2056,63.99,78,0,6.53,BR,1629123394
257,kruisfontein,-34.0033,24.7314,78.89,37,31,6.24,ZA,1629123153
258,mogadishu,2.0371,45.3438,77.58,79,13,21.41,SO,1629123505
259,kavaratti,10.5669,72.642,81.86,80,100,16.42,IN,1629123593
260,san quintin,30.4833,-115.95,70.29,88,49,2.91,MX,1629123593
261,katsuura,35.1333,140.3,71.71,95,100,8.86,JP,1629123404
262,lewiston,44.1003,-70.2148,74.86,60,1,0.0,US,1629123521
263,bonneville,46.0802,6.4073,71.28,89,96,4.32,FR,1629123593
264,touros,-5.1989,-35.4608,86.9,50,45,19.04,BR,1629123414
265,warrnambool,-38.3833,142.4833,50.81,81,88,15.88,AU,1629123594
266,sakaiminato,35.55,133.2333,71.58,94,90,4.61,JP,1629123594
267,baykalsk,51.5058,104.1469,57.54,87,100,3.74,RU,1629123594
268,ventspils,57.3894,21.5606,67.93,77,0,1.14,LV,1629123595
269,araouane,18.9048,-3.5265,101.43,27,5,6.76,ML,1629123595
270,amalapuram,16.5833,82.0167,82.78,98,100,5.55,IN,1629123595
271,balkanabat,39.5108,54.3671,95.5,9,0,14.14,TM,1629123595
272,kiruna,67.8557,20.2251,52.72,58,40,2.3,SE,1629123596
273,gloversville,43.0528,-74.3438,69.19,82,1,1.99,US,1629123596
274,chabahar,25.2919,60.643,81.14,79,9,15.77,IR,1629123596
275,hamilton,39.1834,-84.5333,72.0,93,90,1.01,US,1629123441
276,maragogi,-9.0122,-35.2225,78.22,67,90,13.82,BR,1629123597
277,the valley,18.217,-63.0578,87.66,74,20,18.41,AI,1629123434
278,grand gaube,-20.0064,57.6608,70.38,65,10,7.0,MU,1629123114
279,greenfield,42.9614,-88.0126,74.01,71,20,1.01,US,1629123597
280,mantua,45.1667,10.7833,98.1,21,0,7.27,IT,1629123597
281,cayenne,4.9333,-52.3333,86.09,74,75,1.99,GF,1629123598
282,okhotsk,59.3833,143.3,59.65,96,93,7.63,RU,1629123598
283,road town,18.4167,-64.6167,86.2,79,40,12.66,VG,1629123406
284,vila franca do campo,37.7167,-25.4333,77.41,69,22,7.25,PT,1629123514
285,chokurdakh,70.6333,147.9167,33.87,78,95,8.86,RU,1629123039
286,kirkuk,35.4681,44.3922,104.09,10,0,13.04,IQ,1629123599
287,price,39.5994,-110.8107,72.66,26,1,9.22,US,1629123599
288,fougeres,48.35,-1.2,67.86,51,9,17.02,FR,1629123599
289,talnakh,69.4865,88.3972,48.2,93,100,5.44,RU,1629123037
290,saquarema,-22.92,-42.5103,75.34,66,6,12.68,BR,1629123599
291,muncar,-8.4333,114.3333,75.0,92,16,1.81,ID,1629123600
292,eyl,7.9803,49.8164,84.02,61,36,29.57,SO,1629123600
293,waipawa,-41.4122,175.5153,55.02,73,88,19.55,NZ,1629123416
294,maltahohe,-24.8333,16.9833,80.92,14,40,25.95,NA,1629123601
295,puerto escondido,15.85,-97.0667,76.03,83,90,0.0,MX,1629123601
296,liverpool,53.4106,-2.9779,64.85,78,75,7.0,GB,1629123561
297,mmabatho,-25.85,25.6333,73.36,33,0,11.5,ZA,1629123601
298,chuy,-33.6971,-53.4616,59.65,77,6,4.74,UY,1629123602
299,agirish,61.9247,63.0231,73.15,46,97,7.11,RU,1629123606
300,te anau,-45.4167,167.7167,40.05,97,100,4.72,NZ,1629123606
301,feni,23.0186,91.41,77.97,92,100,5.77,BD,1629123607
302,cotonou,6.3654,2.4183,84.18,70,40,17.27,BJ,1629123607
303,mattru,7.6244,-11.8332,78.51,86,91,6.49,SL,1629123607
304,madrid,40.4165,-3.7026,99.66,15,0,1.99,ES,1629123469
305,swindon,51.558,-1.7812,67.78,56,75,5.01,GB,1629123504
306,trindade,-16.6494,-49.4889,87.55,19,64,6.78,BR,1629123608
307,aksehir,38.3575,31.4164,82.63,23,0,7.4,TR,1629123608
308,khasan,42.4308,130.6434,66.56,89,82,4.97,RU,1629123609
309,crateus,-5.1783,-40.6775,89.19,33,6,9.42,BR,1629123609
310,yoichi,43.2039,140.7703,62.98,83,1,3.85,JP,1629123609
311,kashi,39.4547,75.9797,79.81,22,0,6.71,CN,1629123610
312,sao filipe,14.8961,-24.4956,80.55,81,86,10.04,CV,1629123444
313,eureka,40.8021,-124.1637,62.67,95,72,1.99,US,1629123098
314,chipinge,-20.1883,32.6236,65.77,45,18,9.6,ZW,1629123610
315,la joya,18.6667,-99.4667,71.11,92,77,0.38,MX,1629123611
316,ajdabiya,30.7554,20.2263,86.77,41,0,18.7,LY,1629123611
317,pocola,35.2312,-94.478,79.18,73,1,5.75,US,1629123611
318,funadhoo,6.15,73.2667,82.58,75,100,15.21,MV,1629123612
319,acapulco,16.8634,-99.8901,76.82,100,90,2.3,MX,1629123448
320,shingu,33.7333,135.9833,78.91,95,100,4.27,JP,1629123458
321,labuhan,-6.8844,112.2051,80.29,76,97,8.9,ID,1629123432
322,danville,36.586,-79.395,76.51,96,90,0.0,US,1629123612
323,jaspur,29.2833,78.8167,87.24,61,1,4.05,IN,1629123612
324,tambo,-14.8,-73.9167,43.25,23,26,2.17,PE,1629123613
325,tynda,55.1667,124.7167,60.3,80,3,4.14,RU,1629123613
326,sawakin,19.1059,37.3321,100.92,44,46,11.41,SD,1629123614
327,tawau,4.2498,117.8871,77.13,79,38,4.09,MY,1629123615
328,mehamn,71.0357,27.8492,48.38,71,100,13.35,NO,1629123615
329,mocuba,-16.8392,36.9856,74.64,56,100,6.44,MZ,1629123615
330,rafai,4.95,23.9167,85.62,54,90,3.47,CF,1629123615
331,bahir dar,11.5936,37.3908,69.64,76,91,4.54,ET,1629123616
332,baiyin,36.5583,104.2081,72.48,66,0,13.6,CN,1629123616
333,ponta delgada,37.7333,-25.6667,77.72,78,20,11.5,PT,1629123120
334,siguiri,11.6667,-9.5,84.65,65,87,2.73,GN,1629123616
335,mangrol,21.1167,70.1167,81.39,77,58,8.3,IN,1629123617
336,ambon,-3.6954,128.1814,79.25,85,78,9.73,ID,1629123617
337,honghu,29.8206,113.4621,76.26,88,100,2.01,CN,1629123617
338,buraydah,26.326,43.975,108.05,8,2,7.09,SA,1629123617
339,gueret,46.1667,1.8667,65.25,72,100,6.55,FR,1629123618
340,pacific grove,36.6177,-121.9166,63.25,96,90,3.0,US,1629123618
341,korem,12.5058,39.5228,71.02,46,14,9.51,ET,1629123618
342,kushmurun,52.4503,64.6311,85.64,25,31,6.87,KZ,1629123619
343,sucre,-19.0333,-65.2627,61.5,18,16,1.77,BO,1629123529
344,novikovo,51.1537,37.8879,89.37,20,4,4.14,RU,1629123619
345,wanning,18.8003,110.3967,81.79,88,33,8.01,CN,1629123619
346,fort nelson,58.8053,-122.7002,51.39,93,90,10.36,CA,1629123461
347,fukue,32.6881,128.8419,78.69,89,100,13.22,JP,1629123620
348,atar,20.5169,-13.0499,106.57,17,43,10.78,MR,1629123620
349,asau,46.4333,26.4,87.96,38,65,2.51,RO,1629123620
350,thinadhoo,0.5333,72.9333,83.21,72,100,12.73,MV,1629123621
351,xinzhou,38.4092,112.7333,70.34,74,100,2.26,CN,1629123621
352,yei,4.095,30.6779,83.37,56,31,3.58,SS,1629123621
353,chapais,49.7834,-74.8492,70.59,55,28,12.39,CA,1629123081
354,sampang,-7.1872,113.2394,82.35,72,87,8.55,ID,1629123622
355,yar-sale,66.8333,70.8333,64.35,69,100,11.32,RU,1629123622
356,pringsewu,-5.3582,104.9744,74.43,86,100,1.97,ID,1629123622
357,oranjestad,12.524,-70.027,85.95,74,40,17.27,AW,1629123539
358,anadyr,64.75,177.4833,34.3,86,0,4.47,RU,1629123623
359,krasnoarmeysk,51.0239,45.6969,77.09,60,100,17.85,RU,1629123623
360,vigrestad,58.5667,5.7,66.0,66,100,15.39,NO,1629123623
361,zarasai,55.7333,26.25,76.5,51,100,9.73,LT,1629123624
362,anshun,26.25,105.9333,66.49,98,37,6.64,CN,1629123624
363,luderitz,-26.6481,15.1594,60.73,59,56,14.2,NA,1629123158
364,tocopilla,-22.092,-70.1979,65.26,62,7,10.58,CL,1629123507
365,saint-joseph,-21.3667,55.6167,66.58,77,33,16.71,RE,1629123624
366,tigil,57.8,158.6667,53.53,94,23,9.64,RU,1629123625
367,sassandra,4.95,-6.0833,81.66,61,42,8.55,CI,1629123625
368,santa maria,-29.6842,-53.8069,64.78,71,37,5.84,BR,1629123496
369,chokwe,-24.5333,32.9833,80.08,35,21,4.94,MZ,1629123625
370,balabac,7.9868,117.0645,82.62,76,39,7.54,PH,1629123626
371,taoudenni,22.6783,-3.9836,115.43,6,1,6.76,ML,1629123067
372,karratha,-20.7377,116.8463,76.6,41,17,4.47,AU,1629123626
373,sitka,57.0531,-135.33,53.49,87,90,0.0,US,1629123382
374,shalakusha,62.2247,40.2539,61.45,70,99,8.9,RU,1629123626
375,imbituba,-28.24,-48.6703,66.09,78,26,9.19,BR,1629123627
376,hasaki,35.7333,140.8333,70.2,86,100,6.4,JP,1629123627
377,bulgan,48.8125,103.5347,63.73,85,100,3.76,MN,1629123627
378,tasiilaq,65.6145,-37.6368,46.56,76,100,3.15,GL,1629123380
379,jalu,29.0331,21.5482,95.63,15,0,14.52,LY,1629123402
380,sarankhola,22.3082,89.7897,80.37,89,100,6.4,BD,1629123628
381,pimentel,-6.8367,-79.9342,68.29,82,20,4.0,PE,1629123628
382,cabra,37.4725,-4.4421,108.84,7,0,7.0,ES,1629123629
383,ballina,-28.8667,153.5667,48.38,72,0,10.63,AU,1629123089
384,laela,-8.5667,32.05,77.94,25,69,6.76,TZ,1629123629
385,agua dulce,18.1333,-94.1333,82.18,90,94,10.76,MX,1629123629
386,tabou,4.423,-7.3528,81.55,59,26,7.67,CI,1629123630
387,yumen,40.2833,97.2,72.77,44,7,30.76,CN,1629123630
388,bela,25.9333,81.9833,88.16,68,84,1.25,IN,1629123630
389,sobolevo,54.4299,31.8996,79.95,54,100,5.84,RU,1629123631
390,requena,39.4883,-1.1004,78.89,28,0,13.29,ES,1629123631
391,shirokiy,49.758,129.523,62.85,85,9,3.47,RU,1629123631
392,bubaque,11.2833,-15.8333,78.15,84,99,14.81,GW,1629123433
393,mount gambier,-37.8333,140.7667,47.1,89,1,6.26,AU,1629123042
394,muzhi,65.3667,64.6667,68.63,59,100,16.28,RU,1629123058
395,tsevie,6.4261,1.2133,86.43,50,97,11.65,TG,1629123632
396,mariental,-24.6333,17.9667,86.68,12,4,19.51,NA,1629123632
397,richards bay,-28.783,32.0377,71.87,65,13,15.46,ZA,1629123632
398,arlit,18.7369,7.3853,97.21,27,99,3.69,NE,1629123632
399,terney,45.0503,136.6092,62.92,90,68,1.97,RU,1629123633
400,half moon bay,37.4636,-122.4286,63.9,91,90,0.0,US,1629123318
401,henties bay,-22.116,14.2845,57.85,65,0,9.13,NA,1629123077
402,souillac,-20.5167,57.5167,70.18,64,75,10.36,MU,1629123633
403,shawville,45.6001,-76.4827,73.33,50,9,3.65,CA,1629123633
404,tyret pervaya,53.6703,102.3106,54.43,93,21,3.65,RU,1629123634
405,kargil,34.5667,76.1,59.11,22,21,7.94,IN,1629123634
406,ulety,51.3572,112.4849,64.47,81,87,2.89,RU,1629123635
407,egvekinot,66.3167,-179.1667,40.91,83,99,3.87,RU,1629123635
408,cudahy,33.9606,-118.1853,80.15,88,1,0.0,US,1629123474
409,kahului,20.8947,-156.47,70.86,77,1,3.44,US,1629123049
410,huescar,37.811,-2.5412,99.95,8,10,15.59,ES,1629123635
411,loiza,18.4313,-65.8802,87.78,72,40,13.8,PR,1629123636
412,tura,25.5198,90.2201,74.55,96,100,4.47,IN,1629123636
413,ahuimanu,21.4447,-157.8378,74.91,80,40,0.0,US,1629123636
414,petlad,22.4667,72.8,91.74,53,99,9.37,IN,1629123636
415,aksay,47.26,39.87,85.69,45,96,5.12,RU,1629123637
416,cerrito,6.8432,-72.694,51.19,76,88,1.52,CO,1629123637
417,coahuayana,18.7333,-103.6833,80.08,83,99,3.31,MX,1629123158
418,naberera,-4.2,36.9333,69.75,48,99,16.31,TZ,1629123637
419,astana,51.1801,71.446,75.15,35,20,6.71,KZ,1629123638
420,pa sang,18.5262,98.9394,77.2,96,100,0.69,TH,1629123638
421,banda aceh,5.5577,95.3222,79.52,77,100,4.21,ID,1629123638
422,bakchar,57.0186,82.0711,63.46,74,51,3.65,RU,1629123639
423,karlstad,59.3793,13.5036,57.76,94,40,2.3,SE,1629123639
424,atikokan,48.7555,-91.6216,73.63,43,8,10.6,CA,1629123639
425,carutapera,-1.195,-46.02,86.02,64,6,5.99,BR,1629123640
426,kholm,59.2667,32.85,68.31,57,99,7.38,RU,1629123640
427,moreira sales,-24.0622,-53.0069,79.68,38,66,8.23,BR,1629123640
428,atambua,-9.1061,124.8925,72.34,82,31,7.47,ID,1629123641
429,whitehorse,60.7161,-135.0538,41.09,100,40,2.3,CA,1629123475
430,north bend,43.4065,-124.2243,61.92,86,90,5.75,US,1629123641
431,shimoda,34.6667,138.95,73.31,91,100,9.64,JP,1629123641
432,huarmey,-10.0681,-78.1522,64.15,81,98,7.63,PE,1629123642
433,vila velha,-20.3297,-40.2925,69.75,94,75,5.75,BR,1629123447
434,grants,35.1473,-107.8514,59.23,82,1,0.0,US,1629123480
435,quatre cocos,-20.2078,57.7625,69.91,64,64,18.14,MU,1629123642
436,yebaishou,41.3975,119.6408,63.86,95,53,4.05,CN,1629123642
437,chake chake,-5.2459,39.7666,78.19,68,36,11.97,TZ,1629123643
438,broken hill,-31.95,141.4333,48.43,74,0,9.51,AU,1629123643
439,sabang,5.8933,95.3214,81.66,70,100,4.03,ID,1629123486
440,iquique,-20.2208,-70.1431,59.04,63,2,6.82,CL,1629123351
441,srednekolymsk,67.45,153.6833,42.1,83,100,8.23,RU,1629123643
442,igrim,63.1906,64.4162,73.58,43,94,10.6,RU,1629123644
443,kibre mengist,5.8833,38.9833,66.13,75,93,6.51,ET,1629123374
444,wattegama,6.7989,81.4808,82.94,61,100,6.98,LK,1629123644
445,seoul,37.5683,126.9778,79.99,94,75,2.3,KR,1629123644
446,mayo,38.8876,-76.5119,80.19,84,90,5.01,US,1629123645
447,ardesen,41.1911,40.9875,75.16,85,99,6.73,TR,1629123645
448,bintulu,3.1667,113.0333,79.21,94,40,2.3,MY,1629123645
449,port hedland,-20.3167,118.5667,68.05,49,17,8.05,AU,1629123140
450,west odessa,31.8424,-102.4988,77.05,71,20,9.22,US,1629123646
451,guerrero,17.6667,-100.0,68.02,94,78,1.07,MX,1629123646
452,tuatapere,-46.1333,167.6833,41.83,96,100,4.9,NZ,1629123646
453,ranikhet,29.65,79.4167,63.91,89,3,0.94,IN,1629123646
454,palu,-0.8917,119.8707,76.03,94,66,2.01,ID,1629123587
455,olga,43.7444,135.2892,63.1,86,89,2.95,RU,1629123105
456,isangel,-19.55,169.2667,69.37,78,20,9.51,VU,1629123647
457,kalmunai,7.4167,81.8167,82.6,77,100,9.53,LK,1629123647
458,shagamu,6.8432,3.6478,87.58,67,94,5.86,NG,1629123647
459,guiglo,6.5456,-7.4966,81.5,57,91,3.13,CI,1629123648
460,picota,-6.9197,-76.3304,79.29,65,48,1.92,PE,1629123648
461,oktyabrskiy,54.4815,53.471,90.32,16,85,4.23,RU,1629123432
462,san policarpo,12.1791,125.5072,80.98,79,100,6.15,PH,1629123648
463,bilma,18.6853,12.9164,103.32,20,9,2.51,NE,1629123480
464,calderitas,18.55,-88.25,80.71,89,75,5.75,MX,1629123649
465,lorengau,-2.0226,147.2712,81.55,79,56,7.54,PG,1629123421
466,manado,1.487,124.8455,77.77,94,40,1.14,ID,1629123649
467,vestmannaeyjar,63.4427,-20.2734,56.39,88,90,17.27,IS,1629123650
468,pangody,65.85,74.4859,68.0,60,97,12.26,RU,1629123650
469,bratsk,56.1325,101.6142,57.69,68,52,4.61,RU,1629123650
470,bela vista de goias,-16.9728,-48.9533,87.15,20,76,10.6,BR,1629123650
471,bireun,5.203,96.7009,78.48,82,100,2.46,ID,1629123651
472,atbasar,51.8,68.3333,72.3,60,65,19.89,KZ,1629123408
473,sayyan,15.1718,44.3244,78.01,18,100,21.16,YE,1629123651
474,necochea,-38.5473,-58.7368,53.04,69,100,13.2,AR,1629123651
475,couvin,50.0528,4.495,62.55,75,100,13.33,BE,1629123652
476,katete,-0.7818,29.7544,78.8,43,90,1.7,UG,1629123652
477,harper,4.375,-7.7169,81.93,58,34,7.0,LR,1629123652
478,talas,38.6908,35.5538,79.47,32,20,6.91,TR,1629123653
479,ratnagiri,16.9833,73.3,78.82,84,100,3.51,IN,1629123653
480,hermiston,45.8404,-119.2895,78.87,49,1,0.0,US,1629123353
481,niamey,13.5137,2.1098,86.29,62,40,2.3,NE,1629123653
482,kushiro,42.975,144.3747,57.13,91,97,1.95,JP,1629123653
483,ihosy,-22.4,46.1167,61.59,70,20,13.38,MG,1629123654
484,katol,21.2667,78.5833,81.16,78,100,5.44,IN,1629123654
485,muzaffarabad,34.37,73.4711,76.23,78,1,3.24,PK,1629123654
486,tena,-0.9833,-77.8167,74.16,86,98,0.4,EC,1629123655
487,eydhafushi,5.1033,73.0708,82.63,75,100,14.81,MV,1629123655
488,datong,40.0936,113.2914,72.84,52,82,1.41,CN,1629123655
489,la primavera,5.4906,-70.4092,81.79,75,47,3.2,CO,1629123655
490,caravelas,-17.7125,-39.2481,78.13,58,99,4.81,BR,1629123520
491,yerbogachen,61.2767,108.0108,54.39,89,100,3.78,RU,1629123656
492,portland,45.5234,-122.6762,64.94,88,40,1.01,US,1629123538
493,iroquois falls,48.7669,-80.6831,73.54,57,19,10.58,CA,1629123656
494,bariadi,-2.8,33.9833,81.05,32,100,3.06,TZ,1629123657
495,san carlos de bariloche,-41.1456,-71.3082,42.55,75,75,18.41,AR,1629123558
496,boyolangu,-8.1181,111.8935,74.86,92,46,5.39,ID,1629123657
497,samarai,-10.6167,150.6667,78.48,85,100,16.75,PG,1629123112
498,aklavik,68.2191,-135.0107,49.03,74,100,8.25,CA,1629123657
499,kizema,61.113,44.8302,70.75,47,89,8.39,RU,1629123658
500,boguchany,58.3814,97.4531,59.41,85,84,5.46,RU,1629123658
501,ouadda,8.0777,22.4007,75.96,90,100,2.86,CF,1629123658
502,kemi,65.8596,24.8228,55.17,76,90,11.5,FI,1629123659
503,crotone,39.0851,17.1178,94.95,38,0,12.66,IT,1629123659
504,warri,5.5167,5.75,82.69,68,100,9.69,NG,1629123659
505,macae,-22.3708,-41.7869,78.55,69,40,14.97,BR,1629123660
506,sao miguel do araguaia,-13.275,-50.1628,93.06,18,2,11.12,BR,1629123660
507,san felipe,10.3399,-68.7425,82.44,61,100,6.8,VE,1629123660
508,abu dhabi,24.4667,54.3667,98.71,63,0,6.91,AE,1629123238
509,ondjiva,-17.0667,15.7333,89.64,17,0,6.91,AO,1629123661
510,porto torres,40.835,8.3972,84.38,66,38,13.0,IT,1629123661
511,naze,28.3667,129.4833,78.13,87,100,8.28,JP,1629123477
512,kuytun,54.3419,101.5036,54.28,90,0,4.25,RU,1629123661
513,rumboci,43.8322,17.5011,93.74,21,72,15.95,BA,1629123661
514,kijang,35.2442,129.2139,78.53,81,76,11.7,KR,1629123662
515,ketchikan,55.3422,-131.6461,55.87,88,90,5.75,US,1629123662
516,geraldton,-28.7667,114.6,61.21,82,0,11.5,AU,1629123663
517,new plymouth,-39.0667,174.0833,56.05,82,38,23.17,NZ,1629123420
518,alyangula,-13.8483,136.4192,73.49,89,0,10.83,AU,1629123663
519,bani,18.2833,-70.3333,78.24,96,100,17.72,DO,1629123608
520,samaipata,-18.15,-63.8667,64.35,47,20,6.31,BO,1629123664
521,homestead,25.4687,-80.4776,90.01,76,75,3.0,US,1629123664
522,isiro,2.7739,27.616,87.89,41,43,1.7,CD,1629123664
523,mareeba,-17.0,145.4333,64.44,86,59,2.68,AU,1629123664
524,sungaipenuh,-2.0833,101.3833,63.95,96,100,3.38,ID,1629123665
525,kununurra,-15.7667,128.7333,78.78,17,0,8.05,AU,1629123665
526,dalvik,65.9702,-18.5286,60.73,75,59,6.17,IS,1629123665
527,aloleng,16.1307,119.7824,80.94,82,100,5.06,PH,1629123666
528,westport,41.1415,-73.3579,79.36,70,1,1.01,US,1629123666
529,dicabisagan,17.0818,122.4157,79.52,84,6,4.68,PH,1629123666
530,gornja radgona,46.6733,15.9922,95.41,30,88,2.04,SI,1629123667
531,okha,53.5739,142.9478,57.78,91,0,8.25,RU,1629123667
532,vanimo,-2.6741,141.3028,78.64,89,23,5.19,PG,1629123667
533,thanh hoa,19.8,105.7667,81.99,82,86,2.91,VN,1629123152
534,sao jose da coroa grande,-8.8978,-35.1478,78.4,67,90,14.05,BR,1629123668
535,hirara,24.8,125.2833,83.19,80,94,13.2,JP,1629123668
536,ambatofinandrahana,-20.55,46.8,59.86,55,0,10.09,MG,1629123668
537,aden,12.7794,45.0367,87.06,72,90,18.43,YE,1629123524
538,honningsvag,70.9821,25.9704,47.95,61,75,12.66,NO,1629123668
539,nyurba,63.2842,118.3319,52.3,98,100,4.5,RU,1629123669
540,saint-pierre,-21.3393,55.4781,69.48,72,0,26.46,RE,1629123082
541,podor,16.6527,-14.9587,86.9,54,100,12.84,MR,1629123669
542,babol,36.5513,52.679,89.67,47,27,8.63,IR,1629123669
543,keti bandar,24.1447,67.4497,82.58,72,10,13.27,PK,1629123670
544,emerald,-23.5333,148.1667,64.04,52,11,9.37,AU,1629123670
545,san isidro,-12.1167,-77.05,59.25,97,90,1.01,PE,1629123670
546,linden,6.0,-58.3,78.94,62,27,3.09,GY,1629123427
547,tshane,-24.0196,21.8684,81.97,18,6,15.61,BW,1629123671
548,berea,41.3662,-81.8543,70.86,92,90,3.44,US,1629123671
549,yarmouth,41.7057,-70.2286,77.61,68,1,5.01,US,1629123671
550,inirida,3.8653,-67.9239,79.45,80,95,3.13,CO,1629123671
551,seguin,29.5688,-97.9647,82.47,82,75,0.0,US,1629123672
552,hastings,50.8552,0.5729,69.08,62,100,15.57,GB,1629123672
553,contamana,-7.3333,-75.0167,87.06,51,25,1.99,PE,1629123672
554,brae,60.3964,-1.353,57.11,72,90,16.13,GB,1629123673
555,inhambane,-23.865,35.3833,73.38,60,75,11.5,MZ,1629123673
556,bud,39.447,-86.1758,73.69,81,86,6.91,US,1629123429
557,chunskiy,56.0815,99.6342,61.36,64,91,2.73,RU,1629123673
558,puerto carreno,6.189,-67.4859,81.25,72,79,1.99,CO,1629123674
559,madhupur,24.25,86.65,82.27,82,92,7.38,IN,1629123674
560,ucluelet,48.9329,-125.5528,64.09,97,100,7.67,CA,1629123524
